{
  "project_info": {
    "project_number": "454561958800",
    "firebase_url": "https://smarthome-615f8.firebaseio.com",
    "project_id": "smarthome-615f8",
    "storage_bucket": "smarthome-615f8.appspot.com"
  },
  "client": [
    {
      "client_info": {
        "mobilesdk_app_id": "1:454561958800:android:e50d14bb5b4ff274",
        "android_client_info": {
          "package_name": "com.nicktrick"
        }
      },
      "oauth_client": [
        {
          "client_id": "454561958800-185p42f305srlcrbag71cpnpgnhorgfs.apps.googleusercontent.com",
          "client_type": 1,
          "android_info": {
            "package_name": "com.nicktrick",
            "certificate_hash": "827d9aeff131da429ff5246bf0e3e1fae9c84b89"
          }
        },
        {
          "client_id": "454561958800-qp1miv7bdagmiije6q62ctota7lngdah.apps.googleusercontent.com",
          "client_type": 1,
          "android_info": {
            "package_name": "com.nicktrick",
            "certificate_hash": "53255bb0c02f937d9ebba8eaf21782107536d4c8"
          }
        },
        {
          "client_id": "454561958800-imf2ser10eog3h4npgc9elk5ss1ad7qv.apps.googleusercontent.com",
          "client_type": 1,
          "android_info": {
            "package_name": "com.nicktrick",
            "certificate_hash": "654b4b47b23c4cb0de46934fa3118ebb00a855de"
          }
        },
        {
          "client_id": "454561958800-676n5rjbgvhhnl996u1bcs0p1051l7tk.apps.googleusercontent.com",
          "client_type": 3
        }
      ],
      "api_key": [
        {
          "current_key": "AIzaSyABwxxzqhKs-76GVO9evq6iURlSeat6rJQ"
        }
      ],
      "services": {
        "analytics_service": {
          "status": 1
        },
        "appinvite_service": {
          "status": 2,
          "other_platform_oauth_client": [
            {
              "client_id": "454561958800-676n5rjbgvhhnl996u1bcs0p1051l7tk.apps.googleusercontent.com",
              "client_type": 3
            }
          ]
        },
        "ads_service": {
          "status": 2
        }
      }
    }
  ],
  "configuration_version": "1"
}